
INSERT INTO `categories` (`id`, `name`) VALUES
	(1, 'Accesorios'),
	(2, 'Cafe'),
	(3, 'Accesorios'),
	(4, 'Cafe'),
	(5, 'Accesorios'),
	(6, 'Cafe'),
	(7, 'Accesorios'),
	(8, 'Cafe');

INSERT INTO `products` (`id`, `name`, `price`, `discount`, `size`, `description`, `imgPath`, `create_date`, `stock`, `categories_id`, `offer`) VALUES
	(1, 'Báscula Electrónica', 1.10, 42, 1000, 'Nonummy labore magna gubergren nobis. Lorem lorem lorem sit qui iusto takimata wisi rebum ipsum magna justo. Ipsum ipsum ipsum kasd dolores duis ea est sit labore kasd no clita option. Stet elitr sanctus dolor dolore invidunt aliquyam clita duo dolor dolore justo iusto ea dolore sed ea. Sea suscipit kasd nonummy takimata ea eos gubergren et eirmod voluptua sadipscing in dolores vero amet. Accusam wisi sit no eos eos tempor invidunt augue consequat vero nonummy diam eirmod.', '/images/bascula.png', '2022-07-12 03:03:13', 1, 1, 0),
	(2, 'Dispensador de crema', 2.20, 10, 1000, 'Praesent clita sed blandit stet nibh erat invidunt laoreet et nonumy justo nibh facilisis sit sanctus minim duo. Invidunt eos in gubergren. Clita accusam dolor duo nonumy. Augue stet est clita erat ea eum clita exerci dolore erat magna et consetetur nihil facilisis. Et et et vel sanctus sed et eum elitr. Dolore et et vel elit stet facilisis stet doming ea eu dolores magna stet tempor. Facilisis sea elitr duo illum diam duo consetetur dolore sit vel velit.', '/images/dispensador-de-crema.png', '2022-07-12 03:03:13', 1, 1, 0),
	(3, 'Dosificador de azúcar', 3.30, 10, 1000, 'Elitr adipiscing aliquip. Accusam magna at feugiat. Sed labore eros et. Vero eu eirmod te tempor minim dolore. Ut invidunt vero sanctus duo. Lorem molestie vero sit et nonumy amet rebum aliquyam. Nulla et ut clita. Erat feugiat elitr eu. Eos amet dolor ipsum amet vero erat. Lorem sed vero et stet accumsan sed ut lorem stet sed labore sit kasd. At sit rebum sed vel. Commodo ut et dolor. Feugait in esse et ut velit sadipscing adipiscing no amet dolor clita doming amet sed eum. ', '/images/dosificador-de-azucar.png', '2022-07-12 03:03:13', 1, 1, 1),
	(4, 'Espumador de Leche', 4.40, 10, 1000, 'Sit delenit labore sit ut sit sit lorem at sea imperdiet duo vero dolores rebum tation ea sadipscing. Enim dolore justo ea clita odio consetetur hendrerit volutpat no hendrerit sed sed erat ipsum in. Rebum ut nonumy kasd sit rebum vero et sed stet ut lobortis hendrerit amet diam aliquyam eirmod erat rebum. Rebum et veniam sed accumsan ea amet eu lorem blandit. Doming mazim elitr sadipscing sed tempor et amet justo amet lorem. Sadipscing no dolore vulputate.', '/images/espumador-de-leche.png', '2022-07-12 03:03:13', 1, 1, 1),
	(5, 'Maletín de Barista', 5.00, 0, 1000, 'Ea dolor esse dolores vero eirmod stet facilisis lorem. Et dolore amet sea dolor sed invidunt tempor mazim labore gubergren magna sed option vero kasd voluptua. Sit at dolores erat dolores elitr et eos rebum accumsan et velit et sadipscing. Gubergren stet sit sed ea dolores ut ut sit minim rebum vero no takimata nonumy voluptua stet stet. Tincidunt hendrerit clita ipsum ea lorem in erat diam dolor. Dolor dolor et eu et consectetuer sed illum gubergren sed no nulla odio. ', '/images/maletin_barista.png', '2022-07-12 03:03:13', 1, 1, 0),
	(6, 'Tamper', 6.60, 0, 1000, 'Ea dolor esse dolores vero eirmod stet facilisis lorem. Et dolore amet sea dolor sed invidunt tempor mazim labore gubergren magna sed option vero kasd voluptua. Sit at dolores erat dolores elitr et eos rebum accumsan et velit et sadipscing. Gubergren stet sit sed ea dolores ut ut sit minim rebum vero no takimata nonumy voluptua stet stet. Tincidunt hendrerit clita ipsum ea lorem in erat diam dolor. Dolor dolor et eu et consectetuer sed illum gubergren sed no nulla odio. ', '/images/tamper.png', '2022-07-12 03:03:13', 1, 1, 0),
	(7, 'Tazas para espresso', 7.70, 0, 1000, 'Ea dolor esse dolores vero eirmod stet facilisis lorem. Et dolore amet sea dolor sed invidunt tempor mazim labore gubergren magna sed option vero kasd voluptua. Sit at dolores erat dolores elitr et eos rebum accumsan et velit et sadipscing. Gubergren stet sit sed ea dolores ut ut sit minim rebum vero no takimata nonumy voluptua stet stet. Tincidunt hendrerit clita ipsum ea lorem in erat diam dolor. Dolor dolor et eu et consectetuer sed illum gubergren sed no nulla odio. ', '/images/tazas-espresso.png', '2022-07-12 03:03:13', 1, 1, 0),
	(8, 'Termómetro', 8.80, 10, 1000, 'Ea dolor esse dolores vero eirmod stet facilisis lorem. Et dolore amet sea dolor sed invidunt tempor mazim labore gubergren magna sed option vero kasd voluptua. Sit at dolores erat dolores elitr et eos rebum accumsan et velit et sadipscing. Gubergren stet sit sed ea dolores ut ut sit minim rebum vero no takimata nonumy voluptua stet stet. Tincidunt hendrerit clita ipsum ea lorem in erat diam dolor. Dolor dolor et eu et consectetuer sed illum gubergren sed no nulla odio. ', '/images/termometro.png', '2022-07-12 03:03:13', 1, 1, 1),
	(9, 'Vasos para latte edited', 10.00, 0, 2000, 'Ea dolor esse dolores vero eirmod stet facilisis lorem. Et dolore amet sea dolor sed invidunt tempor mazim labore gubergren magna sed option vero kasd voluptua. Sit at dolores erat dolores elitr et eos rebum accumsan et velit et sadipscing. Gubergren stet sit sed ea dolores ut ut sit minim rebum vero no takimata nonumy voluptua stet stet. Tincidunt hendrerit clita ipsum ea lorem in erat diam dolor. Dolor dolor et eu et consectetuer sed illum gubergren sed no nulla odio. ', '/images/vasos-latte.png', '2022-07-12 03:03:13', 1, 1, 1),
	(10, 'Cafe Expresso Suave', 10.10, 2, 500, 'Ea dolor esse dolores vero eirmod stet facilisis lorem. Et dolore amet sea dolor sed invidunt tempor mazim labore gubergren magna sed option vero kasd voluptua. Sit at dolores erat dolores elitr et eos rebum accumsan et velit et sadipscing. Gubergren stet sit sed ea dolores ut ut sit minim rebum vero no takimata nonumy voluptua stet stet. Tincidunt hendrerit clita ipsum ea lorem in erat diam dolor. Dolor dolor et eu et consectetuer sed illum gubergren sed no nulla odio. ', '/images/cafeFuerte.png', '2022-07-12 03:03:13', 1, 2, 0),
	(11, 'Cafe Expresso Suave', 10.10, 2, 500, 'Ea dolor esse dolores vero eirmod stet facilisis lorem. Et dolore amet sea dolor sed invidunt tempor mazim labore gubergren magna sed option vero kasd voluptua. Sit at dolores erat dolores elitr et eos rebum accumsan et velit et sadipscing. Gubergren stet sit sed ea dolores ut ut sit minim rebum vero no takimata nonumy voluptua stet stet. Tincidunt hendrerit clita ipsum ea lorem in erat diam dolor. Dolor dolor et eu et consectetuer sed illum gubergren sed no nulla odio. ', '/images/cafeFuerte.png', '2022-07-12 03:03:13', 1, 2, 0),
	(12, 'Cafe editado MESSSI', 200.00, 2, 500, 'Ea dolor esse dolores vero eirmod stet facilisis lorem. Et dolore amet sea dolor sed invidunt tempor mazim labore gubergren magna sed option vero kasd voluptua. Sit at dolores erat dolores elitr et eos rebum accumsan et velit et sadipscing. Gubergren stet sit sed ea dolores ut ut sit minim rebum vero no takimata nonumy voluptua stet stet. Tincidunt hendrerit clita ipsum ea lorem in erat diam dolor. Dolor dolor et eu et consectetuer sed illum gubergren sed no nulla odio. ', '/images/cafeFuerte.png', '2022-07-12 03:03:13', 1, 2, 0),
	(13, 'Báscula Electrónica', 1.10, 10, 1000, 'Nonummy labore magna gubergren nobis. Lorem lorem lorem sit qui iusto takimata wisi rebum ipsum magna justo. Ipsum ipsum ipsum kasd dolores duis ea est sit labore kasd no clita option. Stet elitr sanctus dolor dolore invidunt aliquyam clita duo dolor dolore justo iusto ea dolore sed ea. Sea suscipit kasd nonummy takimata ea eos gubergren et eirmod voluptua sadipscing in dolores vero amet. Accusam wisi sit no eos eos tempor invidunt augue consequat vero nonummy diam eirmod.', '/images/bascula.png', '2022-07-12 03:38:09', 1, 1, 0),
	(14, 'Dispensador de crema', 2.20, 10, 1000, 'Praesent clita sed blandit stet nibh erat invidunt laoreet et nonumy justo nibh facilisis sit sanctus minim duo. Invidunt eos in gubergren. Clita accusam dolor duo nonumy. Augue stet est clita erat ea eum clita exerci dolore erat magna et consetetur nihil facilisis. Et et et vel sanctus sed et eum elitr. Dolore et et vel elit stet facilisis stet doming ea eu dolores magna stet tempor. Facilisis sea elitr duo illum diam duo consetetur dolore sit vel velit.', '/images/dispensador-de-crema.png', '2022-07-12 03:38:09', 1, 1, 0),
	(15, 'Dosificador de azúcar', 3.30, 10, 1000, 'Elitr adipiscing aliquip. Accusam magna at feugiat. Sed labore eros et. Vero eu eirmod te tempor minim dolore. Ut invidunt vero sanctus duo. Lorem molestie vero sit et nonumy amet rebum aliquyam. Nulla et ut clita. Erat feugiat elitr eu. Eos amet dolor ipsum amet vero erat. Lorem sed vero et stet accumsan sed ut lorem stet sed labore sit kasd. At sit rebum sed vel. Commodo ut et dolor. Feugait in esse et ut velit sadipscing adipiscing no amet dolor clita doming amet sed eum. ', '/images/dosificador-de-azucar.png', '2022-07-12 03:38:09', 1, 1, 1),
	(16, 'Espumador de Leche', 4.40, 10, 1000, 'Sit delenit labore sit ut sit sit lorem at sea imperdiet duo vero dolores rebum tation ea sadipscing. Enim dolore justo ea clita odio consetetur hendrerit volutpat no hendrerit sed sed erat ipsum in. Rebum ut nonumy kasd sit rebum vero et sed stet ut lobortis hendrerit amet diam aliquyam eirmod erat rebum. Rebum et veniam sed accumsan ea amet eu lorem blandit. Doming mazim elitr sadipscing sed tempor et amet justo amet lorem. Sadipscing no dolore vulputate.', '/images/espumador-de-leche.png', '2022-07-12 03:38:09', 1, 1, 1),
	(17, 'Maletín de Barista', 5.00, 0, 1000, 'Ea dolor esse dolores vero eirmod stet facilisis lorem. Et dolore amet sea dolor sed invidunt tempor mazim labore gubergren magna sed option vero kasd voluptua. Sit at dolores erat dolores elitr et eos rebum accumsan et velit et sadipscing. Gubergren stet sit sed ea dolores ut ut sit minim rebum vero no takimata nonumy voluptua stet stet. Tincidunt hendrerit clita ipsum ea lorem in erat diam dolor. Dolor dolor et eu et consectetuer sed illum gubergren sed no nulla odio. ', '/images/maletin_barista.png', '2022-07-12 03:38:09', 1, 1, 0),
	(18, 'Tamper', 6.60, 0, 1000, 'Ea dolor esse dolores vero eirmod stet facilisis lorem. Et dolore amet sea dolor sed invidunt tempor mazim labore gubergren magna sed option vero kasd voluptua. Sit at dolores erat dolores elitr et eos rebum accumsan et velit et sadipscing. Gubergren stet sit sed ea dolores ut ut sit minim rebum vero no takimata nonumy voluptua stet stet. Tincidunt hendrerit clita ipsum ea lorem in erat diam dolor. Dolor dolor et eu et consectetuer sed illum gubergren sed no nulla odio. ', '/images/tamper.png', '2022-07-12 03:38:09', 1, 1, 0),
	(19, 'Tazas para espresso', 7.70, 0, 1000, 'Ea dolor esse dolores vero eirmod stet facilisis lorem. Et dolore amet sea dolor sed invidunt tempor mazim labore gubergren magna sed option vero kasd voluptua. Sit at dolores erat dolores elitr et eos rebum accumsan et velit et sadipscing. Gubergren stet sit sed ea dolores ut ut sit minim rebum vero no takimata nonumy voluptua stet stet. Tincidunt hendrerit clita ipsum ea lorem in erat diam dolor. Dolor dolor et eu et consectetuer sed illum gubergren sed no nulla odio. ', '/images/tazas-espresso.png', '2022-07-12 03:38:09', 1, 1, 0),
	(20, 'Termómetro', 8.80, 10, 1000, 'Ea dolor esse dolores vero eirmod stet facilisis lorem. Et dolore amet sea dolor sed invidunt tempor mazim labore gubergren magna sed option vero kasd voluptua. Sit at dolores erat dolores elitr et eos rebum accumsan et velit et sadipscing. Gubergren stet sit sed ea dolores ut ut sit minim rebum vero no takimata nonumy voluptua stet stet. Tincidunt hendrerit clita ipsum ea lorem in erat diam dolor. Dolor dolor et eu et consectetuer sed illum gubergren sed no nulla odio. ', '/images/termometro.png', '2022-07-12 03:38:09', 1, 1, 1),
	(21, 'Vasos para latte edited', 10.00, 0, 2000, 'Ea dolor esse dolores vero eirmod stet facilisis lorem. Et dolore amet sea dolor sed invidunt tempor mazim labore gubergren magna sed option vero kasd voluptua. Sit at dolores erat dolores elitr et eos rebum accumsan et velit et sadipscing. Gubergren stet sit sed ea dolores ut ut sit minim rebum vero no takimata nonumy voluptua stet stet. Tincidunt hendrerit clita ipsum ea lorem in erat diam dolor. Dolor dolor et eu et consectetuer sed illum gubergren sed no nulla odio. ', '/images/vasos-latte.png', '2022-07-12 03:38:09', 1, 1, 1),
	(22, 'Cafe Expresso Suave', 10.10, 2, 500, 'Ea dolor esse dolores vero eirmod stet facilisis lorem. Et dolore amet sea dolor sed invidunt tempor mazim labore gubergren magna sed option vero kasd voluptua. Sit at dolores erat dolores elitr et eos rebum accumsan et velit et sadipscing. Gubergren stet sit sed ea dolores ut ut sit minim rebum vero no takimata nonumy voluptua stet stet. Tincidunt hendrerit clita ipsum ea lorem in erat diam dolor. Dolor dolor et eu et consectetuer sed illum gubergren sed no nulla odio. ', '/images/cafeFuerte.png', '2022-07-12 03:38:09', 1, 2, 0),
	(23, 'Cafe Expresso Suave', 10.10, 2, 500, 'Ea dolor esse dolores vero eirmod stet facilisis lorem. Et dolore amet sea dolor sed invidunt tempor mazim labore gubergren magna sed option vero kasd voluptua. Sit at dolores erat dolores elitr et eos rebum accumsan et velit et sadipscing. Gubergren stet sit sed ea dolores ut ut sit minim rebum vero no takimata nonumy voluptua stet stet. Tincidunt hendrerit clita ipsum ea lorem in erat diam dolor. Dolor dolor et eu et consectetuer sed illum gubergren sed no nulla odio. ', '/images/cafeFuerte.png', '2022-07-12 03:38:09', 1, 2, 0),
	(24, 'Cafe editado MESSSI', 200.00, 2, 500, 'Ea dolor esse dolores vero eirmod stet facilisis lorem. Et dolore amet sea dolor sed invidunt tempor mazim labore gubergren magna sed option vero kasd voluptua. Sit at dolores erat dolores elitr et eos rebum accumsan et velit et sadipscing. Gubergren stet sit sed ea dolores ut ut sit minim rebum vero no takimata nonumy voluptua stet stet. Tincidunt hendrerit clita ipsum ea lorem in erat diam dolor. Dolor dolor et eu et consectetuer sed illum gubergren sed no nulla odio. ', '/images/cafeFuerte.png', '2022-07-12 03:38:09', 1, 2, 0),
	(25, 'Báscula Electrónica', 1.10, 10, 1000, 'Nonummy labore magna gubergren nobis. Lorem lorem lorem sit qui iusto takimata wisi rebum ipsum magna justo. Ipsum ipsum ipsum kasd dolores duis ea est sit labore kasd no clita option. Stet elitr sanctus dolor dolore invidunt aliquyam clita duo dolor dolore justo iusto ea dolore sed ea. Sea suscipit kasd nonummy takimata ea eos gubergren et eirmod voluptua sadipscing in dolores vero amet. Accusam wisi sit no eos eos tempor invidunt augue consequat vero nonummy diam eirmod.', '/images/bascula.png', '2022-07-12 03:42:18', 1, 1, 0),
	(26, 'Dispensador de crema', 2.20, 10, 1000, 'Praesent clita sed blandit stet nibh erat invidunt laoreet et nonumy justo nibh facilisis sit sanctus minim duo. Invidunt eos in gubergren. Clita accusam dolor duo nonumy. Augue stet est clita erat ea eum clita exerci dolore erat magna et consetetur nihil facilisis. Et et et vel sanctus sed et eum elitr. Dolore et et vel elit stet facilisis stet doming ea eu dolores magna stet tempor. Facilisis sea elitr duo illum diam duo consetetur dolore sit vel velit.', '/images/dispensador-de-crema.png', '2022-07-12 03:42:18', 1, 1, 0),
	(27, 'Dosificador de azúcar', 3.30, 10, 1000, 'Elitr adipiscing aliquip. Accusam magna at feugiat. Sed labore eros et. Vero eu eirmod te tempor minim dolore. Ut invidunt vero sanctus duo. Lorem molestie vero sit et nonumy amet rebum aliquyam. Nulla et ut clita. Erat feugiat elitr eu. Eos amet dolor ipsum amet vero erat. Lorem sed vero et stet accumsan sed ut lorem stet sed labore sit kasd. At sit rebum sed vel. Commodo ut et dolor. Feugait in esse et ut velit sadipscing adipiscing no amet dolor clita doming amet sed eum. ', '/images/dosificador-de-azucar.png', '2022-07-12 03:42:18', 1, 1, 1),
	(28, 'Espumador de Leche', 4.40, 10, 1000, 'Sit delenit labore sit ut sit sit lorem at sea imperdiet duo vero dolores rebum tation ea sadipscing. Enim dolore justo ea clita odio consetetur hendrerit volutpat no hendrerit sed sed erat ipsum in. Rebum ut nonumy kasd sit rebum vero et sed stet ut lobortis hendrerit amet diam aliquyam eirmod erat rebum. Rebum et veniam sed accumsan ea amet eu lorem blandit. Doming mazim elitr sadipscing sed tempor et amet justo amet lorem. Sadipscing no dolore vulputate.', '/images/espumador-de-leche.png', '2022-07-12 03:42:18', 1, 1, 1),
	(29, 'Maletín de Barista', 5.00, 0, 1000, 'Ea dolor esse dolores vero eirmod stet facilisis lorem. Et dolore amet sea dolor sed invidunt tempor mazim labore gubergren magna sed option vero kasd voluptua. Sit at dolores erat dolores elitr et eos rebum accumsan et velit et sadipscing. Gubergren stet sit sed ea dolores ut ut sit minim rebum vero no takimata nonumy voluptua stet stet. Tincidunt hendrerit clita ipsum ea lorem in erat diam dolor. Dolor dolor et eu et consectetuer sed illum gubergren sed no nulla odio. ', '/images/maletin_barista.png', '2022-07-12 03:42:18', 1, 1, 0),
	(30, 'Tamper', 6.60, 0, 1000, 'Ea dolor esse dolores vero eirmod stet facilisis lorem. Et dolore amet sea dolor sed invidunt tempor mazim labore gubergren magna sed option vero kasd voluptua. Sit at dolores erat dolores elitr et eos rebum accumsan et velit et sadipscing. Gubergren stet sit sed ea dolores ut ut sit minim rebum vero no takimata nonumy voluptua stet stet. Tincidunt hendrerit clita ipsum ea lorem in erat diam dolor. Dolor dolor et eu et consectetuer sed illum gubergren sed no nulla odio. ', '/images/tamper.png', '2022-07-12 03:42:18', 1, 1, 0),
	(31, 'Tazas para espresso', 7.70, 0, 1000, 'Ea dolor esse dolores vero eirmod stet facilisis lorem. Et dolore amet sea dolor sed invidunt tempor mazim labore gubergren magna sed option vero kasd voluptua. Sit at dolores erat dolores elitr et eos rebum accumsan et velit et sadipscing. Gubergren stet sit sed ea dolores ut ut sit minim rebum vero no takimata nonumy voluptua stet stet. Tincidunt hendrerit clita ipsum ea lorem in erat diam dolor. Dolor dolor et eu et consectetuer sed illum gubergren sed no nulla odio. ', '/images/tazas-espresso.png', '2022-07-12 03:42:18', 1, 1, 0),
	(32, 'Termómetro', 8.80, 10, 1000, 'Ea dolor esse dolores vero eirmod stet facilisis lorem. Et dolore amet sea dolor sed invidunt tempor mazim labore gubergren magna sed option vero kasd voluptua. Sit at dolores erat dolores elitr et eos rebum accumsan et velit et sadipscing. Gubergren stet sit sed ea dolores ut ut sit minim rebum vero no takimata nonumy voluptua stet stet. Tincidunt hendrerit clita ipsum ea lorem in erat diam dolor. Dolor dolor et eu et consectetuer sed illum gubergren sed no nulla odio. ', '/images/termometro.png', '2022-07-12 03:42:18', 1, 1, 1),
	(33, 'Vasos para latte edited', 10.00, 0, 2000, 'Ea dolor esse dolores vero eirmod stet facilisis lorem. Et dolore amet sea dolor sed invidunt tempor mazim labore gubergren magna sed option vero kasd voluptua. Sit at dolores erat dolores elitr et eos rebum accumsan et velit et sadipscing. Gubergren stet sit sed ea dolores ut ut sit minim rebum vero no takimata nonumy voluptua stet stet. Tincidunt hendrerit clita ipsum ea lorem in erat diam dolor. Dolor dolor et eu et consectetuer sed illum gubergren sed no nulla odio. ', '/images/vasos-latte.png', '2022-07-12 03:42:18', 1, 1, 1),
	(34, 'Cafe Expresso Suave', 10.10, 2, 500, 'Ea dolor esse dolores vero eirmod stet facilisis lorem. Et dolore amet sea dolor sed invidunt tempor mazim labore gubergren magna sed option vero kasd voluptua. Sit at dolores erat dolores elitr et eos rebum accumsan et velit et sadipscing. Gubergren stet sit sed ea dolores ut ut sit minim rebum vero no takimata nonumy voluptua stet stet. Tincidunt hendrerit clita ipsum ea lorem in erat diam dolor. Dolor dolor et eu et consectetuer sed illum gubergren sed no nulla odio. ', '/images/cafeFuerte.png', '2022-07-12 03:42:18', 1, 2, 0),
	(35, 'Cafe Expresso Suave', 10.10, 2, 500, 'Ea dolor esse dolores vero eirmod stet facilisis lorem. Et dolore amet sea dolor sed invidunt tempor mazim labore gubergren magna sed option vero kasd voluptua. Sit at dolores erat dolores elitr et eos rebum accumsan et velit et sadipscing. Gubergren stet sit sed ea dolores ut ut sit minim rebum vero no takimata nonumy voluptua stet stet. Tincidunt hendrerit clita ipsum ea lorem in erat diam dolor. Dolor dolor et eu et consectetuer sed illum gubergren sed no nulla odio. ', '/images/cafeFuerte.png', '2022-07-12 03:42:18', 1, 2, 0),
	(36, 'Cafe editado MESSSI', 200.00, 2, 500, 'Ea dolor esse dolores vero eirmod stet facilisis lorem. Et dolore amet sea dolor sed invidunt tempor mazim labore gubergren magna sed option vero kasd voluptua. Sit at dolores erat dolores elitr et eos rebum accumsan et velit et sadipscing. Gubergren stet sit sed ea dolores ut ut sit minim rebum vero no takimata nonumy voluptua stet stet. Tincidunt hendrerit clita ipsum ea lorem in erat diam dolor. Dolor dolor et eu et consectetuer sed illum gubergren sed no nulla odio. ', '/images/cafeFuerte.png', '2022-07-12 03:42:18', 1, 2, 0),
	(37, 'Báscula Electrónica', 1.10, 10, 1000, 'Nonummy labore magna gubergren nobis. Lorem lorem lorem sit qui iusto takimata wisi rebum ipsum magna justo. Ipsum ipsum ipsum kasd dolores duis ea est sit labore kasd no clita option. Stet elitr sanctus dolor dolore invidunt aliquyam clita duo dolor dolore justo iusto ea dolore sed ea. Sea suscipit kasd nonummy takimata ea eos gubergren et eirmod voluptua sadipscing in dolores vero amet. Accusam wisi sit no eos eos tempor invidunt augue consequat vero nonummy diam eirmod.', '/images/bascula.png', '2022-07-12 03:43:51', 1, 1, 0),
	(38, 'Dispensador de crema', 2.20, 10, 1000, 'Praesent clita sed blandit stet nibh erat invidunt laoreet et nonumy justo nibh facilisis sit sanctus minim duo. Invidunt eos in gubergren. Clita accusam dolor duo nonumy. Augue stet est clita erat ea eum clita exerci dolore erat magna et consetetur nihil facilisis. Et et et vel sanctus sed et eum elitr. Dolore et et vel elit stet facilisis stet doming ea eu dolores magna stet tempor. Facilisis sea elitr duo illum diam duo consetetur dolore sit vel velit.', '/images/dispensador-de-crema.png', '2022-07-12 03:43:51', 1, 1, 0),
	(39, 'Dosificador de azúcar', 3.30, 10, 1000, 'Elitr adipiscing aliquip. Accusam magna at feugiat. Sed labore eros et. Vero eu eirmod te tempor minim dolore. Ut invidunt vero sanctus duo. Lorem molestie vero sit et nonumy amet rebum aliquyam. Nulla et ut clita. Erat feugiat elitr eu. Eos amet dolor ipsum amet vero erat. Lorem sed vero et stet accumsan sed ut lorem stet sed labore sit kasd. At sit rebum sed vel. Commodo ut et dolor. Feugait in esse et ut velit sadipscing adipiscing no amet dolor clita doming amet sed eum. ', '/images/dosificador-de-azucar.png', '2022-07-12 03:43:51', 1, 1, 1),
	(40, 'Espumador de Leche', 4.40, 10, 1000, 'Sit delenit labore sit ut sit sit lorem at sea imperdiet duo vero dolores rebum tation ea sadipscing. Enim dolore justo ea clita odio consetetur hendrerit volutpat no hendrerit sed sed erat ipsum in. Rebum ut nonumy kasd sit rebum vero et sed stet ut lobortis hendrerit amet diam aliquyam eirmod erat rebum. Rebum et veniam sed accumsan ea amet eu lorem blandit. Doming mazim elitr sadipscing sed tempor et amet justo amet lorem. Sadipscing no dolore vulputate.', '/images/espumador-de-leche.png', '2022-07-12 03:43:51', 1, 1, 1),
	(41, 'Maletín de Barista', 5.00, 0, 1000, 'Ea dolor esse dolores vero eirmod stet facilisis lorem. Et dolore amet sea dolor sed invidunt tempor mazim labore gubergren magna sed option vero kasd voluptua. Sit at dolores erat dolores elitr et eos rebum accumsan et velit et sadipscing. Gubergren stet sit sed ea dolores ut ut sit minim rebum vero no takimata nonumy voluptua stet stet. Tincidunt hendrerit clita ipsum ea lorem in erat diam dolor. Dolor dolor et eu et consectetuer sed illum gubergren sed no nulla odio. ', '/images/maletin_barista.png', '2022-07-12 03:43:51', 1, 1, 0),
	(42, 'Tamper', 6.60, 0, 1000, 'Ea dolor esse dolores vero eirmod stet facilisis lorem. Et dolore amet sea dolor sed invidunt tempor mazim labore gubergren magna sed option vero kasd voluptua. Sit at dolores erat dolores elitr et eos rebum accumsan et velit et sadipscing. Gubergren stet sit sed ea dolores ut ut sit minim rebum vero no takimata nonumy voluptua stet stet. Tincidunt hendrerit clita ipsum ea lorem in erat diam dolor. Dolor dolor et eu et consectetuer sed illum gubergren sed no nulla odio. ', '/images/tamper.png', '2022-07-12 03:43:51', 1, 1, 0),
	(43, 'Tazas para espresso', 7.70, 0, 1000, 'Ea dolor esse dolores vero eirmod stet facilisis lorem. Et dolore amet sea dolor sed invidunt tempor mazim labore gubergren magna sed option vero kasd voluptua. Sit at dolores erat dolores elitr et eos rebum accumsan et velit et sadipscing. Gubergren stet sit sed ea dolores ut ut sit minim rebum vero no takimata nonumy voluptua stet stet. Tincidunt hendrerit clita ipsum ea lorem in erat diam dolor. Dolor dolor et eu et consectetuer sed illum gubergren sed no nulla odio. ', '/images/tazas-espresso.png', '2022-07-12 03:43:51', 1, 1, 0),
	(44, 'Termómetro', 8.80, 10, 1000, 'Ea dolor esse dolores vero eirmod stet facilisis lorem. Et dolore amet sea dolor sed invidunt tempor mazim labore gubergren magna sed option vero kasd voluptua. Sit at dolores erat dolores elitr et eos rebum accumsan et velit et sadipscing. Gubergren stet sit sed ea dolores ut ut sit minim rebum vero no takimata nonumy voluptua stet stet. Tincidunt hendrerit clita ipsum ea lorem in erat diam dolor. Dolor dolor et eu et consectetuer sed illum gubergren sed no nulla odio. ', '/images/termometro.png', '2022-07-12 03:43:51', 1, 1, 1),
	(45, 'Vasos para latte edited', 10.00, 0, 2000, 'Ea dolor esse dolores vero eirmod stet facilisis lorem. Et dolore amet sea dolor sed invidunt tempor mazim labore gubergren magna sed option vero kasd voluptua. Sit at dolores erat dolores elitr et eos rebum accumsan et velit et sadipscing. Gubergren stet sit sed ea dolores ut ut sit minim rebum vero no takimata nonumy voluptua stet stet. Tincidunt hendrerit clita ipsum ea lorem in erat diam dolor. Dolor dolor et eu et consectetuer sed illum gubergren sed no nulla odio. ', '/images/vasos-latte.png', '2022-07-12 03:43:51', 1, 1, 1),
	(46, 'Cafe Expresso Suave', 10.10, 2, 500, 'Ea dolor esse dolores vero eirmod stet facilisis lorem. Et dolore amet sea dolor sed invidunt tempor mazim labore gubergren magna sed option vero kasd voluptua. Sit at dolores erat dolores elitr et eos rebum accumsan et velit et sadipscing. Gubergren stet sit sed ea dolores ut ut sit minim rebum vero no takimata nonumy voluptua stet stet. Tincidunt hendrerit clita ipsum ea lorem in erat diam dolor. Dolor dolor et eu et consectetuer sed illum gubergren sed no nulla odio. ', '/images/cafeFuerte.png', '2022-07-12 03:43:51', 1, 2, 0),
	(47, 'Cafe Expresso Suave', 10.10, 2, 500, 'Ea dolor esse dolores vero eirmod stet facilisis lorem. Et dolore amet sea dolor sed invidunt tempor mazim labore gubergren magna sed option vero kasd voluptua. Sit at dolores erat dolores elitr et eos rebum accumsan et velit et sadipscing. Gubergren stet sit sed ea dolores ut ut sit minim rebum vero no takimata nonumy voluptua stet stet. Tincidunt hendrerit clita ipsum ea lorem in erat diam dolor. Dolor dolor et eu et consectetuer sed illum gubergren sed no nulla odio. ', '/images/cafeFuerte.png', '2022-07-12 03:43:51', 1, 2, 0),
	(48, 'Cafe editado MESSSI', 200.00, 2, 500, 'Ea dolor esse dolores vero eirmod stet facilisis lorem. Et dolore amet sea dolor sed invidunt tempor mazim labore gubergren magna sed option vero kasd voluptua. Sit at dolores erat dolores elitr et eos rebum accumsan et velit et sadipscing. Gubergren stet sit sed ea dolores ut ut sit minim rebum vero no takimata nonumy voluptua stet stet. Tincidunt hendrerit clita ipsum ea lorem in erat diam dolor. Dolor dolor et eu et consectetuer sed illum gubergren sed no nulla odio. ', '/images/cafeFuerte.png', '2022-07-12 03:43:51', 1, 2, 0);

INSERT INTO `products_review` (`id`, `products_id`, `review_id`) VALUES
	(11, 1, 1),
	(12, 2, 3),
	(13, 3, 4),
	(14, 4, 5);

INSERT INTO `review` (`id`, `date`, `points`, `comment`, `users_id`) VALUES
	(1, '2022-07-12 03:42:18', 3, 'Me encanto el producto tal y como lo describen en la publicación', 8),
	(2, '2022-07-12 03:42:18', 5, 'Me encanto el producto tal y como lo describen en la publicación,buen precio', 8),
	(3, '2022-07-12 03:42:18', 2, 'No me gusto el producto, muy mala calidad', 7),
	(4, '2022-07-12 03:43:51', 3, 'Me encanto el producto tal y como lo describen en la publicación', 8),
	(5, '2022-07-12 03:43:51', 5, 'Me encanto el producto tal y como lo describen en la publicación,buen precio', 8),
	(6, '2022-07-12 03:43:51', 2, 'No me gusto el producto, muy mala calidad', 7);
/*!40000 ALTER TABLE `review` ENABLE KEYS */;


INSERT INTO `users` (`id`, `name`, `lastname`, `email`, `password`, `admin`, `imgPath`, `billing_address`, `shipping_address`, `phone`) VALUES
	(1, 'Jhon', 'Doe', 'jhon@prueba.com', '$2a$10$29/VauYvNJWt3KbTEM/RaelfgUi6WKsBK7tMdRrqJrbsL..B599c2', 1, '/images/avatars/default-avatar.png', 'Calle 40 # 44', 'Calle 40 # 44', '(57)3147012467'),
	(2, 'Jane', 'Doe', 'jane@prueba.com', '$2a$10$ZhvzHBUcHv00IyqqvzHime9eX7zV890He0BgTtpQSZy7hNaedwYYS', 0, '/images/avatars/avatar-1655226934424.png', 'Calle 40 # 44', 'Calle 40 # 44', '(57)3147012467'),
	(3, 'jime', 'nemiña', 'jimenanemina@gmail.com', '$2a$10$iMZJITtXV9k/NHaaE7mBjOnwG36HBCbaHQfBtej6E07FqV5KxaG0m', 0, '/images/avatars/default-avatar.png', 'Calle 40 # 44', 'Calle 40 # 44', '(57)3147012467'),
	(4, 'sdfasdf', 'sadfasdfsad', 'sdfsadf@gmail.com', '$2a$10$GuoQhGSmTLXBxuLglL87/eyO2DV/K9MW0jUatWm0NOymTuf8vNV.S', 0, '/images/avatars/avatar-1655253658033.jpg', 'Calle 40 # 44', 'Calle 40 # 44', '(57)3147012467'),
	(5, 'admin', 'admin', 'admin@prueba.com', '$2a$10$tNRHrG9L4WuH8kUBpYQfw.Tywv1/YxasHKvc2eA9zieui4jshuhQa', 1, '/images/avatars/default-avatar.png', 'Calle 40 # 44', 'Calle 40 # 44', '(57)3147012467'),
	(6, 'no admin', 'no admin', 'noadmin@prueba.com', '$2a$10$JMogTTbnlciP6Nu3aaeHcuVcfcOePX/PPVu9oA7e5TgbiCNdnIL4C', 0, '/images/avatars/default-avatar.png', 'Calle 40 # 44', 'Calle 40 # 44', '(57)3147012467'),
	(7, 'victor', 'roca', 'victor.roca@prueba.com', '$2a$10$7qd66JMpLElL9lI7cQfgyOGeMlm96hYaVYR5oInxAo9VbjDXqniY2', 1, '/images/avatars/default-avatar.png', 'Calle 40 # 44', 'Calle 40 # 44', '(57)3147012467'),
	(8, 'Giovany Alexander', 'L', 'giolaver31@gmail.com', '$2a$10$qcOGLyFgAQKZh1y5Aq8CTuACSZupwL0cbkJa16utjx6ecKGGjD6y2', 1, '/images/avatars/default-avatar.png', 'Calle 40 # 44', 'Calle 40 # 44', '(57)3147012467'),
	(9, 'pepito', 'rrr', 'analistadesarrollo1@agaval.com.co', '$2a$10$VqSiVcSKupY9eZYWkYViu.QkF1QgSLm6z3RBtEACJVOo0w5M94oEi', 1, '/images/avatars/default-avatar.png', 'Calle 40 # 44', 'Calle 40 # 44', '(57)3147012467'),
	(10, 'Jhon', 'Doe', 'jhon@prueba.com', '$2a$10$29/VauYvNJWt3KbTEM/RaelfgUi6WKsBK7tMdRrqJrbsL..B599c2', 1, '/images/avatars/default-avatar.png', 'Calle 40 # 44', 'Calle 40 # 44', '(57)3147012467'),
	(11, 'Jane', 'Doe', 'jane@prueba.com', '$2a$10$ZhvzHBUcHv00IyqqvzHime9eX7zV890He0BgTtpQSZy7hNaedwYYS', 0, '/images/avatars/avatar-1655226934424.png', 'Calle 40 # 44', 'Calle 40 # 44', '(57)3147012467'),
	(12, 'jime', 'nemiña', 'jimenanemina@gmail.com', '$2a$10$iMZJITtXV9k/NHaaE7mBjOnwG36HBCbaHQfBtej6E07FqV5KxaG0m', 0, '/images/avatars/default-avatar.png', 'Calle 40 # 44', 'Calle 40 # 44', '(57)3147012467'),
	(13, 'sdfasdf', 'sadfasdfsad', 'sdfsadf@gmail.com', '$2a$10$GuoQhGSmTLXBxuLglL87/eyO2DV/K9MW0jUatWm0NOymTuf8vNV.S', 0, '/images/avatars/avatar-1655253658033.jpg', 'Calle 40 # 44', 'Calle 40 # 44', '(57)3147012467'),
	(14, 'admin', 'admin', 'admin@prueba.com', '$2a$10$tNRHrG9L4WuH8kUBpYQfw.Tywv1/YxasHKvc2eA9zieui4jshuhQa', 1, '/images/avatars/default-avatar.png', 'Calle 40 # 44', 'Calle 40 # 44', '(57)3147012467'),
	(15, 'no admin', 'no admin', 'noadmin@prueba.com', '$2a$10$JMogTTbnlciP6Nu3aaeHcuVcfcOePX/PPVu9oA7e5TgbiCNdnIL4C', 0, '/images/avatars/default-avatar.png', 'Calle 40 # 44', 'Calle 40 # 44', '(57)3147012467'),
	(16, 'victor', 'roca', 'victor.roca@prueba.com', '$2a$10$7qd66JMpLElL9lI7cQfgyOGeMlm96hYaVYR5oInxAo9VbjDXqniY2', 1, '/images/avatars/default-avatar.png', 'Calle 40 # 44', 'Calle 40 # 44', '(57)3147012467'),
	(17, 'Giovany Alexander', 'L', 'giolaver31@gmail.com', '$2a$10$qcOGLyFgAQKZh1y5Aq8CTuACSZupwL0cbkJa16utjx6ecKGGjD6y2', 1, '/images/avatars/default-avatar.png', 'Calle 40 # 44', 'Calle 40 # 44', '(57)3147012467'),
	(18, 'pepito', 'rrr', 'analistadesarrollo1@agaval.com.co', '$2a$10$VqSiVcSKupY9eZYWkYViu.QkF1QgSLm6z3RBtEACJVOo0w5M94oEi', 1, '/images/avatars/default-avatar.png', 'Calle 40 # 44', 'Calle 40 # 44', '(57)3147012467'),
	(19, 'Jhon', 'Doe', 'jhon@prueba.com', '$2a$10$29/VauYvNJWt3KbTEM/RaelfgUi6WKsBK7tMdRrqJrbsL..B599c2', 1, '/images/avatars/default-avatar.png', 'Calle 40 # 44', 'Calle 40 # 44', '(57)3147012467'),
	(20, 'Jane', 'Doe', 'jane@prueba.com', '$2a$10$ZhvzHBUcHv00IyqqvzHime9eX7zV890He0BgTtpQSZy7hNaedwYYS', 0, '/images/avatars/avatar-1655226934424.png', 'Calle 40 # 44', 'Calle 40 # 44', '(57)3147012467'),
	(21, 'jime', 'nemiña', 'jimenanemina@gmail.com', '$2a$10$iMZJITtXV9k/NHaaE7mBjOnwG36HBCbaHQfBtej6E07FqV5KxaG0m', 0, '/images/avatars/default-avatar.png', 'Calle 40 # 44', 'Calle 40 # 44', '(57)3147012467'),
	(22, 'sdfasdf', 'sadfasdfsad', 'sdfsadf@gmail.com', '$2a$10$GuoQhGSmTLXBxuLglL87/eyO2DV/K9MW0jUatWm0NOymTuf8vNV.S', 0, '/images/avatars/avatar-1655253658033.jpg', 'Calle 40 # 44', 'Calle 40 # 44', '(57)3147012467'),
	(23, 'admin', 'admin', 'admin@prueba.com', '$2a$10$tNRHrG9L4WuH8kUBpYQfw.Tywv1/YxasHKvc2eA9zieui4jshuhQa', 1, '/images/avatars/default-avatar.png', 'Calle 40 # 44', 'Calle 40 # 44', '(57)3147012467'),
	(24, 'no admin', 'no admin', 'noadmin@prueba.com', '$2a$10$JMogTTbnlciP6Nu3aaeHcuVcfcOePX/PPVu9oA7e5TgbiCNdnIL4C', 0, '/images/avatars/default-avatar.png', 'Calle 40 # 44', 'Calle 40 # 44', '(57)3147012467'),
	(25, 'victor', 'roca', 'victor.roca@prueba.com', '$2a$10$7qd66JMpLElL9lI7cQfgyOGeMlm96hYaVYR5oInxAo9VbjDXqniY2', 1, '/images/avatars/default-avatar.png', 'Calle 40 # 44', 'Calle 40 # 44', '(57)3147012467'),
	(26, 'Giovany Alexander', 'L', 'giolaver31@gmail.com', '$2a$10$qcOGLyFgAQKZh1y5Aq8CTuACSZupwL0cbkJa16utjx6ecKGGjD6y2', 1, '/images/avatars/default-avatar.png', 'Calle 40 # 44', 'Calle 40 # 44', '(57)3147012467'),
	(27, 'pepito', 'rrr', 'analistadesarrollo1@agaval.com.co', '$2a$10$VqSiVcSKupY9eZYWkYViu.QkF1QgSLm6z3RBtEACJVOo0w5M94oEi', 1, '/images/avatars/default-avatar.png', 'Calle 40 # 44', 'Calle 40 # 44', '(57)3147012467'),
	(28, 'Jhon', 'Doe', 'jhon@prueba.com', '$2a$10$29/VauYvNJWt3KbTEM/RaelfgUi6WKsBK7tMdRrqJrbsL..B599c2', 1, '/images/avatars/default-avatar.png', 'Calle 40 # 44', 'Calle 40 # 44', '(57)3147012467'),
	(29, 'Jane', 'Doe', 'jane@prueba.com', '$2a$10$ZhvzHBUcHv00IyqqvzHime9eX7zV890He0BgTtpQSZy7hNaedwYYS', 0, '/images/avatars/avatar-1655226934424.png', 'Calle 40 # 44', 'Calle 40 # 44', '(57)3147012467'),
	(30, 'jime', 'nemiña', 'jimenanemina@gmail.com', '$2a$10$iMZJITtXV9k/NHaaE7mBjOnwG36HBCbaHQfBtej6E07FqV5KxaG0m', 0, '/images/avatars/default-avatar.png', 'Calle 40 # 44', 'Calle 40 # 44', '(57)3147012467'),
	(31, 'sdfasdf', 'sadfasdfsad', 'sdfsadf@gmail.com', '$2a$10$GuoQhGSmTLXBxuLglL87/eyO2DV/K9MW0jUatWm0NOymTuf8vNV.S', 0, '/images/avatars/avatar-1655253658033.jpg', 'Calle 40 # 44', 'Calle 40 # 44', '(57)3147012467'),
	(32, 'admin', 'admin', 'admin@prueba.com', '$2a$10$tNRHrG9L4WuH8kUBpYQfw.Tywv1/YxasHKvc2eA9zieui4jshuhQa', 1, '/images/avatars/default-avatar.png', 'Calle 40 # 44', 'Calle 40 # 44', '(57)3147012467'),
	(33, 'no admin', 'no admin', 'noadmin@prueba.com', '$2a$10$JMogTTbnlciP6Nu3aaeHcuVcfcOePX/PPVu9oA7e5TgbiCNdnIL4C', 0, '/images/avatars/default-avatar.png', 'Calle 40 # 44', 'Calle 40 # 44', '(57)3147012467'),
	(34, 'victor', 'roca', 'victor.roca@prueba.com', '$2a$10$7qd66JMpLElL9lI7cQfgyOGeMlm96hYaVYR5oInxAo9VbjDXqniY2', 1, '/images/avatars/default-avatar.png', 'Calle 40 # 44', 'Calle 40 # 44', '(57)3147012467'),
	(35, 'Giovany Alexander', 'L', 'giolaver31@gmail.com', '$2a$10$qcOGLyFgAQKZh1y5Aq8CTuACSZupwL0cbkJa16utjx6ecKGGjD6y2', 1, '/images/avatars/default-avatar.png', 'Calle 40 # 44', 'Calle 40 # 44', '(57)3147012467'),
	(36, 'pepito', 'rrr', 'analistadesarrollo1@agaval.com.co', '$2a$10$VqSiVcSKupY9eZYWkYViu.QkF1QgSLm6z3RBtEACJVOo0w5M94oEi', 1, '/images/avatars/default-avatar.png', 'Calle 40 # 44', 'Calle 40 # 44', '(57)3147012467');
